,Min,Max,Mean,SD,Median,CV,Skewness,Kurtosis
NDVI,0.0509,0.1134,0.06928035714285714,0.011866364298853368,0.06725,0.17128035691826393,1.7663190423688595,3.7113844885448364
